Title,URL,Root Cause of Flakiness,Root Cause Category,Tests/Code Affected (to Reproduce),Testing Environment/Runner,Manifestation Category,How Fixed in Code,Fix Category,Link to Pull Request (if needed),is_test_code,test1_start_line,test1_end_line,test2_start_line,test2_end_line,test3_start_line,test3_end_line,test4_start_line,test4_end_line,test5_start_line,test5_end_line,test6_start_line,test6_end_line,test7_start_line,test7_end_line,test8_start_line,test8_end_line,test9_start_line,test9_end_line,test10_start_line,test10_end_line,
"[test] Fix a flaky test (#15445)\n\n* [test] Fix a flaky test\r\n\r\n* Onepixel is closing remove it\r\n\r\n* remove styles warning in test env\r\n\r\n* migration guide JSS v10 vs v9\r\n\r\n* Fix a few accessibility errors reported by Wave\r\n\r\n* font-awesome flakyness, reject when inactive, investigate",https://github.com/mui-org/material-ui/commit/004bb030ae626dd85bec84d19d367cb02c75fd2c, Improper waiting for elements,Resource Rendering,https://github.com/oliviertassinari/material-ui/blob/f75bd499b1ac1a31ee9625692f249ff279821b00/packages/material-ui-lab/src/SpeedDial/SpeedDial.test.js,, Rerun Multiple Times,Increase timeout,Add/Increase Delay,https://github.com/mui-org/material-ui/pull/15445, true,74, 83, 339, 410, 
[test] Fix Argos-CI flakyness (#12142),https://github.com/mui-org/material-ui/commit/734023dc423b7b1792efbc6a4d3f1e77007c3c84,Wait for Font Awesome to be loaded.,Network Resource Loading,https://github.com/oliviertassinari/material-ui/blob/192f7d7386a49f10bfc0c3f53c79d13ee8021d0c/test/regressions/index.js,,Unspecified,Added Font Awesome to be waiting for load,Fix Await Mechanism,https://github.com/mui-org/material-ui/pull/12142,false, 30,33,
[test] The size limit is flaky :o,https://github.com/mui-org/material-ui/commit/7d66bcee86dc0bf3bbb4cf43621400f07027d8dd,"[test] The size limit is flaky(90.71KB, changed to 90.72KB for fixing)",Network Resource Loading,https://github.com/mui-org/material-ui/blob/7d66bcee86dc0bf3bbb4cf43621400f07027d8dd/.size-limit,,Unspecified,Changed the size limit,Refactor Logic Implementation,https://github.com/mui-org/material-ui/blob/7d66bcee86dc0bf3bbb4cf43621400f07027d8dd/.size-limit,false,4,4,
Build: Fix flaky story (#8459)\n\nBuild: Fix flaky story\r\n\r\nCo-authored-by: Michael Shilman <shilman@users.noreply.github.com>,https://github.com/storybookjs/storybook/commit/fd7193abe02c4b6f8cf1a2527f322bd5ab687df6,Layout issue when run in Chromatic,Layout Difference,https://github.com/storybookjs/storybook/blob/fd7193abe02c4b6f8cf1a2527f322bd5ab687df6/lib/ui/src/components/layout/layout.stories.js https://github.com/storybookjs/storybook/blob/fd7193abe02c4b6f8cf1a2527f322bd5ab687df6/lib/ui/src/components/layout/persist.js, "CircleCi, Chromatic",Forcibly Clear Data,REMOVE the relevant localstorage on every story render in chromatic and set default layout,Refactor Logic Implementation,https://github.com/storybookjs/storybook/pull/8459, false,8,165,
FIX flaky story,https://github.com/storybookjs/storybook/commit/8d135069690f5552ad62aa33c21c1662706f1cc7,"1 story has been flaky, this makes it deterministic",Layout Difference,https://github.com/storybookjs/storybook/blob/8d135069690f5552ad62aa33c21c1662706f1cc7/lib/ui/src/components/layout/layout.stories.js,CircleCi,Forcibly Clear Data,Changed default layout sizing and remove relevant localstorage ,Refactor Logic Implementation,https://github.com/storybookjs/storybook/pull/8459, true, 8,165,
Introduce dynamic(() => import()) (#5249)\n\n* Add failing tests\r\n\r\n* Upgrade wd module\r\n\r\n* Pass dynamic import webpack ids to the client side\r\n\r\n* Pass through webpack ids to initalializer and only use those\r\n\r\n* Compile dynamic(import()) to dynamic(() => import())\r\n\r\n* Default dynamicIds\r\n\r\n* Use forked hard-source-plugin\r\n\r\n* Possibly fix test\r\n\r\n* Make tests fail less intermittently\r\n\r\n* Temporarily disable hard-source in production\r\n\r\n* Make sure dynamic import chunks are unique\r\n\r\n* Disable hard-source\r\n\r\n* Log html if error is thrown\r\n\r\n* Fix test,https://github.com/vercel/next.js/pull/5249/commits/e03aff8f9aba84eece48fbbd54a8e6c4b75059cf,"Time Delays not long enough, Components not rendered in time",Resource Rendering,https://github.com/zeit/next.js/blob/42736c061ad0e5610522de2517c928b2b8af0ed4/test/integration/basic/test/error-recovery.js,"Webdriver,Jest",Unspecified,Changed wait time from 3 seconds to 10 seconds,Add/Increase Delay,https://github.com/zeit/next.js/pull/5249,true, 07, 292 
"chore: update minor updates in packages except react, babel and eslint (#16942)\n\n* chore: update minor updates in packages except react, babel and eslint\n\n* Update snapshots\n\n* Bump up timeout for a flaky test",https://github.com/gatsbyjs/gatsby/commit/05e90da29ff965ec00ea9b8c226e081408903e9c,Time delay not long enough,Resource Rendering,https://github.com/gatsbyjs/gatsby/blob/05e90da29ff965ec00ea9b8c226e081408903e9c/e2e-tests/production-runtime/cypress/integration/accessibility.js,Cypress,Unspecified,Changed wait time from 5s to 10s,Add/Increase Delay,https://github.com/gatsbyjs/gatsby/pull/16942,true, 2,9,
Fix failing tests on IE11 and add flag for flakey tests (#2220)\n\n* fix renderer tests by using sinon global\r\n\r\n* temp test IE11 (remove this when verified)\r\n\r\n* add polyfills\r\n\r\n* conditionally skip some tests in IE11\r\n\r\n* refactor to skipped tests instead\r\n\r\n* correct typo\r\n\r\n* use DISABLE_FLAKEY\r\n\r\n* disable saucelabs again\r\n\r\n* rearrange browsers to see if this affects coverage or if cov takes lowest amount\r\n\r\n* assert correctly\r\n\r\n* use xit instead of it.skip\r\n\r\n* arrange correctly\r\n\r\n* try getting FLAKY from process.env\r\n\r\n* add flakey logging\r\n\r\n* revert some changes\r\n\r\n* add flakey to travis script\r\n\r\n* add one more flakey test\r\n\r\n* try some logging to see if we can derive the browser we're in\r\n\r\n* revert sauceLabs = true\r\n\r\nCo-authored-by: Marvin Hagemeister <marvin@marvinhagemeister.de>,https://github.com/preactjs/preact/commit/6fcf76b1da6bb28705a9d1513be550063ce09d50,Flaky rendering in CI,Resource Rendering,https://github.com/preactjs/preact/blob/6fcf76b1da6bb28705a9d1513be550063ce09d50/debug/test/browser/devtools/renderer.test.js,"Travis, Karma",Run on Specific Platform,Added flaky tags to tests,Mark Test as Flaky,https://github.com/preactjs/preact/pull/2220,true, 121 , 137, 156,186, 484,491,610,626,628,650, 652,675,677,716,718,760,762,831,835,857
fix flakey test in firefox,https://github.com/preactjs/preact/commit/f71089747102e50b2dc3bbdeefcabee1432ce9a9,Ordering differences in attributes in different browsers,Unordered Collections,https://github.com/preactjs/preact/blob/f71089747102e50b2dc3bbdeefcabee1432ce9a9/test/browser/render.js,"Travis, Karma",Unspecified,Added sorting to attribute list before testing list,Refactor Logic Implementation, , true, 424, 438,
Fix flakey test relying on attribute ordering in `innerHTML` serialization (Firefox 45 I'm looking at you),https://github.com/preactjs/preact/commit/ba48cd3741bb1266dab6418db19783aa151c182b,Ordering differences in attributes in different browsers,Unordered Collections,https://github.com/preactjs/preact/blob/ba48cd3741bb1266dab6418db19783aa151c182b/test/browser/components.js,"Travis, Karma",Run on Specific Platform,Added sorting to attribute list before testing list,Refactor Logic Implementation,,true, 288, 407,
Fix two flakey tests,https://github.com/preactjs/preact/commit/0efa8e8bffd8d72b38618d6e00c3058cf129cce0, Ordering differences in attributes in different browsers,Unordered Collections,https://github.com/preactjs/preact/blob/0efa8e8bffd8d72b38618d6e00c3058cf129cce0/test/browser/components.js,"Travis, Karma",Unspecified,Added sorting to attribute list before testing list,Refactor Logic Implementation, ,true, 362,362, 218,286
Fix flakey test logic,https://github.com/preactjs/preact/commit/945afe30c537abce36482821ed12e2df5fd98560,Flaky lifecycle methods in CI,Resource Rendering,https://github.com/preactjs/preact/blob/945afe30c537abce36482821ed12e2df5fd98560/test/browser/lifecycle.js,"Travis, Karma",Unspecified,Added flaky tags to tests,Mark Test as Flaky, ,true, 256,264, 334, 342,
Add flakey test bypass for travis,https://github.com/preactjs/preact/commit/76b7c9a1d84682a9975dfac11bebb510e307f7d3, Flaky lifecycle methods in CI,Resource Rendering,https://github.com/preactjs/preact/blob/76b7c9a1d84682a9975dfac11bebb510e307f7d3/test/browser/lifecycle.js,"Travis, Karma",Run in CI,"Added FLAKEY flag to travis, flaky tags to tests",Mark Test as Flaky, , true , 255, 263, 334,341,
Making a flaky test less flaky,https://github.com/mobxjs/mobx/commit/8d63071ad2a7bba7f74aefccc57513ba7ed6f079, Waiting time varies,Resource Rendering,https://github.com/mobxjs/mobx/blob/8d63071ad2a7bba7f74aefccc57513ba7ed6f079/test/base/reaction.js, CircleCi,Unspecified,Changed the timeout/ delay duration,Add/Increase Delay, ,true,66,107,
Fixed flaky strict mode test,https://github.com/mobxjs/mobx/commit/03a087452ad7d6c1b5e2b13239bba5d95a0d7768,reset issue,Test Order Dependency,https://github.com/mobxjs/mobx/blob/03a087452ad7d6c1b5e2b13239bba5d95a0d7768/test/extras.js,CircleCi,Unspecified,Added resetGlobalState,Refactor Logic Implementation, ,true,301,320,
[Tests] comment out flaky `useEffect` test,https://github.com/enzymejs/enzyme/commit/b8289d02355882c57bf334ce001307807a674661,Perhaps unmount of useEffect is async,Resource Rendering,https://github.com/enzymejs/enzyme/blob/b8289d02355882c57bf334ce001307807a674661/packages/enzyme-test-suite/test/shared/hooks/useEffect.jsx,Sinon,Unspecified,Comment out,Remove Test, ,true, 263,271,
Zs flakeyexplorertest16587 (#16676)\n\n* fix(test): flaky explorerer test round 1\r\n\r\n* fix(test): flaky explorerer test round 1\r\n\r\n* fix(test): flaky explorerer test round 1\r\n\r\n* fix(test): flaky explorerer test round 1,https://github.com/influxdata/influxdb/commit/e0165303ed2d62d751222940dcde431b41895ca9, Should be visible,Incorrect Test Runner Interaction,https://github.com/influxdata/influxdb/blob/e0165303ed2d62d751222940dcde431b41895ca9/ui/cypress/e2e/explorer.test.ts ,Cypress,Unspecified,Added be.visable requirement,Refactor Logic Implementation,https://github.com/influxdata/influxdb/pull/16676,true, 365 , 376, 378,396, 459,475,477,514,
Merge pull request #16589 from influxdata/zs-flakeyonboardinge2e16446\n\nfix(test): Fixing flakey e2e onboarding test in cypress,https://github.com/influxdata/influxdb/commit/5d4248e06517791510a515bf805570cb5e49785b,Maybe waiting time not enough,Resource Rendering,https://github.com/influxdata/influxdb/blob/5d4248e06517791510a515bf805570cb5e49785b/ui/cypress/e2e/onboarding.test.ts,Cypress,Rerun Multiple Times,Added wait,Fix Await Mechanism,https://github.com/influxdata/influxdb/pull/16589, true, 20,127, 129,164, 166,197,
test: fix flaky explorer tests by targeting .CodeMirror and not force typing,https://github.com/influxdata/influxdb/commit/138caab0a2a9175763be47e6b37d8ddc53eb4ae4, DOM element targeting,Incorrect Test Runner Interaction,https://github.com/influxdata/influxdb/blob/138caab0a2a9175763be47e6b37d8ddc53eb4ae4/ui/cypress/e2e/explorer.test.ts, Cypress,Unspecified,targeting .CodeMirror and not force typing,Refactor Logic Implementation,https://github.com/influxdata/influxdb/pull/16392,true, 352, 492,
fix(ui): fixed flakey tests (#16268)\n\nfix(ui): fixed flakey tests,https://github.com/influxdata/influxdb/commit/63b81291887f87e821ba6e8c250f1efaf920d57b, flush & signin would flake if called multiple times in the same test suite,Test Order Dependency,https://github.com/influxdata/influxdb/blob/63b81291887f87e821ba6e8c250f1efaf920d57b/ui/cypress/e2e/explorer.test.ts, Cypress,Selectively Run Test,consolidated the logic that needed to be retrieved from signing in into the first beforeEach call and removed the multiple usages of cy.flush and cy.signin since the test suite was logging in successfully and was flaking when we would flush the credentials and sign in again due to idiosyncrasies in the way the tests were running,Refactor Logic Implementation,https://github.com/influxdata/influxdb/pull/16268,true, 553, 633, 653, 679
fix(ui): front end sorting for numeric values now being handled correctly (#16237)\n\nfix(ui): front end table sort now works for numbers skipping test until flake is resolved, https://github.com/influxdata/influxdb/commit/bba04e20b44dd0f8fd049d80f270424eb266533f,Test logic depended on signin logic in other test,Test Order Dependency,https://github.com/influxdata/influxdb/blob/bba04e20b44dd0f8fd049d80f270424eb266533f/ui/cypress/e2e/explorer.test.ts,cypress,Selectively Run Test,skip it,Remove Test,https://github.com/influxdata/influxdb/pull/16237, true, 604, 677,,,,,
fix(e2e): fix race conditions (#16173)\n\n* fix(e2e): flakey query builder test\r\n\r\n* test(e2e): run test 50 times\r\n\r\n* test(e2e): run update label test 50 times\r\n\r\n* fix(e2e): visit page after creation\r\n\r\n* chore(e2e): run test once\r\n\r\n* fix(e2e): run update label test once,https://github.com/influxdata/influxdb/commit/4f5ff962d69a84f7a6970b02f9e79b09dbad21fe, A race condition exists between saving the cell's updated name and re-opening the cell. Will replace this with a cy.wait(@updateCell) when Cypress supports waiting on window.fetch responses,Network Resource Loading,https://github.com/influxdata/influxdb/blob/4f5ff962d69a84f7a6970b02f9e79b09dbad21fe/ui/cypress/e2e/labels.test.ts ,,Rerun Multiple Times,Added then,Fix Await Mechanism,https://github.com/influxdata/influxdb/pull/16173, true, 163, 251,,,,,
fix(e2e): fix race conditions (#16173)\n\n* fix(e2e): flakey query builder test\r\n\r\n* test(e2e): run test 50 times\r\n\r\n* test(e2e): run update label test 50 times\r\n\r\n* fix(e2e): visit page after creation\r\n\r\n* chore(e2e): run test once\r\n\r\n* fix(e2e): run update label test once,https://github.com/influxdata/influxdb/commit/4f5ff962d69a84f7a6970b02f9e79b09dbad21fe, A race condition exists between saving the cell's updated name and re-opening the cell. Will replace this with a cy.wait(@updateCell) when Cypress supports waiting on window.fetch responses,Network Resource Loading,https://github.com/influxdata/influxdb/blob/4f5ff962d69a84f7a6970b02f9e79b09dbad21fe/ui/cypress/e2e/queryBuilder.test.ts,,Rerun Multiple Times,Added then,Fix Await Mechanism,https://github.com/influxdata/influxdb/pull/16173, true, 91, 146,,,,,
fix(flakey-test): refactored getSortedBucketNames for more consistency and predictability. Finished DWP API functionality (#15802)\n\n* fix(flakey-test): refactored getSortedBucketNames for more consistency and predictability. Finished DWP API functionality\r\n\r\n* fix(FilterRow): removed unnecessary FeatureFlag from component\r\n\r\n* chore: updated yml and tests to reflect API changes,https://github.com/influxdata/influxdb/commit/5ba9142f2f3dfef7731e95a12b6cc93dac9c34b7, inconsistent behavior in the test,Unordered Collections,https://github.com/influxdata/influxdb/blob/5ba9142f2f3dfef7731e95a12b6cc93dac9c34b7/ui/src/buckets/selectors/index.test.ts, CircleCi,Run on Specific Platform,refactored getSortedBucketNames for more consistency and predictability. Finished DWP API functionality; Connected the datatypes.ComparisonNotEqual to the influxdb.NotEqual case in predicate/tag_rule,Refactor Logic Implementation,https://github.com/influxdata/influxdb/pull/15802,true, 16, 174
fix(ui): Fixing the sort by seconds\n\nFixing flakey test,https://github.com/influxdata/influxdb/commit/f37ea3bfb8684ebdfa066ddf4d1cc1663a1e64cc, Randomness of forever means this can not work with two forever buckets. So we delete the cookie bucket to remove this problem,Randomness,https://github.com/influxdata/influxdb/blob/f37ea3bfb8684ebdfa066ddf4d1cc1663a1e64cc/ui/cypress/e2e/buckets.test.ts, Cypress,Provide Steps,Remove one forever bucket,Use Workaround,https://github.com/influxdata/influxdb/issues/14923,true, 63, 66, 80, 90,
test(ui): rejigger the collector tests to be less flaky,https://github.com/influxdata/influxdb/commit/dc8904928fb0c7e126e50804507e77fcd5e5e0f0, No async,Incorrect Resource Load Order,https://github.com/influxdata/influxdb/blob/dc8904928fb0c7e126e50804507e77fcd5e5e0f0/ui/cypress/e2e/collectors.test.ts ,Cypress,Unspecified,Added then,Fix Await Mechanism,https://github.com/influxdata/influxdb/pull/15709,true, 3, 256
test(ui): Fix flaky tasks and dashboard tests,https://github.com/influxdata/influxdb/commit/3b5d0a443e8c7302cfd5c31f1cefd1f16e950e6e , No async,Incorrect Resource Load Order, https://github.com/influxdata/influxdb/blob/3b5d0a443e8c7302cfd5c31f1cefd1f16e950e6e/ui/cypress/e2e/dashboardsIndex.test.ts , Cypress,Unspecified,Added then,Fix Await Mechanism,https://github.com/influxdata/influxdb/pull/15693,true,22,38,54,71,
test(ui): Fix flaky tasks and dashboard tests,https://github.com/influxdata/influxdb/commit/3b5d0a443e8c7302cfd5c31f1cefd1f16e950e6e , No async,Incorrect Resource Load Order, https://github.com/influxdata/influxdb/blob/3b5d0a443e8c7302cfd5c31f1cefd1f16e950e6e/ui/cypress/e2e/tasks.test.ts , Cypress,Unspecified,Added then,Fix Await Mechanism,https://github.com/influxdata/influxdb/pull/15693,true,63,116,118,156,
fix: Replace requestIdleCallback with requestAnimationFrame for a more consistent DOM write cycle. (#307)\n\n* fix: Replace requestIdleCallback with requestAnimationFrame for a more consistent DOM write cycle.\r\n\r\n* fix: Update export\r\n\r\n* chore: skip flaky test,https://github.com/nfl/react-helmet/commit/a2323add50c15bf6a1047b5d99753cce6db07fd6, React Dom Render,Resource Rendering,https://github.com/nfl/react-helmet/blob/a2323add50c15bf6a1047b5d99753cce6db07fd6/test/HelmetDeclarativeTest.js ,Travis Ci,Run on Specific Platform,Skip it,Remove Test,https://github.com/nfl/react-helmet/pull/307, true, 315, 340,
fix flaky tests\n\nfix settings test\n\nminor changes\n\nmake sure the created user is the first row of the list\n\nfix oauth2 tests\n\nminor changes\n\nfix oauth2 tests\n\nminor changes\n\nupdate utils import in entity spec\n\ntry to move to Jasmine because of timeouts with mocha+chai\n\nfix no i18n message\n\ncome back to mocha+chai\n\nminor change\n\ntry splitting actions more\n\nremove describe for user management\n\ntry to fix the failing test\n\nremove arg from navbarpage constructor\n\ntry to split more\n\ntry to fix timeout by splitting more\n\ntest react e2e in travis multiple times\n\nchange travis config\n\nsome changes\n\nfix user management loading\n\nrestore travis config\n\nmodify e2e tests according to new user registration process\n\nwait for modified date sort button to be clickable\n\nadd some async/await\n\nwait for deactivated button to be clickable\n\nremove unused functions with oauth2,https://github.com/jhipster/generator-jhipster/commit/5068452382f00ef2444858bc827630d1a1a7dc23, Proper waiting missing in click,Incorrect Resource Load Order,https://github.com/jhipster/generator-jhipster/blob/5068452382f00ef2444858bc827630d1a1a7dc23/generators/client/templates/react/src/test/javascript/e2e/modules/administration/administration.spec.ts.ejs, Azure Pipelines,Run on Specific Platform,Added async statements,Fix Await Mechanism,https://github.com/jhipster/generator-jhipster/issues/7694,true, 28, 88
test(vrt): reduce flakiness (#2728)\n\n* test(vrt): add jest retry\r\n\r\n* test(vrt): remove retry\r\n\r\n* test(vrt): remove waitFor\r\n\r\n* test(vrt): add targeted wait to dropdown\r\n\r\n* test(vrt): same same\r\n\r\n* test: add 1s timeout so interactions dont spill\r\n\r\n* test: try visible\r\n\r\n* fix: remove timeout\r\n\r\n* fix: add visible for datepicker too\r\n\r\n* fix: add more visibles :+1:\r\n\r\n* feat: try something crazy\r\n\r\n* refactor: clean up\r\n\r\n* refactor: try to snap timeouts and errors for debugging\r\n\r\n* test: add padding and only test phone-input\r\n\r\n* test: add datepicker too\r\n\r\n* test: restore full suite\r\n\r\n* test(vrt): update visual snapshots for af2d246 [skip ci] (#2777)\r\n\r\nCo-authored-by: UberOpenSourceBot <33560951+UberOpenSourceBot@users.noreply.github.com>,https://github.com/uber/baseweb/commit/086a8fdea491502e78d3cd822e256b6470204513, time wait; viewport resize; dropdown snapshots,Layout Difference,https://github.com/uber/baseweb/blob/086a8fdea491502e78d3cd822e256b6470204513/vrt/tests.vrt.js, jest-image-snapshot, Run on Specific Platform, manully set view port; added padding, Refactor Logic Implementation,https://github.com/uber/baseweb/pull/2728,true, 33, 77,
test(vrt): reduce flakiness (#2728)\n\n* test(vrt): add jest retry\r\n\r\n* test(vrt): remove retry\r\n\r\n* test(vrt): remove waitFor\r\n\r\n* test(vrt): add targeted wait to dropdown\r\n\r\n* test(vrt): same same\r\n\r\n* test: add 1s timeout so interactions dont spill\r\n\r\n* test: try visible\r\n\r\n* fix: remove timeout\r\n\r\n* fix: add visible for datepicker too\r\n\r\n* fix: add more visibles :+1:\r\n\r\n* feat: try something crazy\r\n\r\n* refactor: clean up\r\n\r\n* refactor: try to snap timeouts and errors for debugging\r\n\r\n* test: add padding and only test phone-input\r\n\r\n* test: add datepicker too\r\n\r\n* test: restore full suite\r\n\r\n* test(vrt): update visual snapshots for af2d246 [skip ci] (#2777)\r\n\r\nCo-authored-by: UberOpenSourceBot <33560951+UberOpenSourceBot@users.noreply.github.com>,https://github.com/uber/baseweb/commit/086a8fdea491502e78d3cd822e256b6470204513, time wait; viewport resize; dropdown snapshots,Layout Difference,https://github.com/uber/baseweb/blob/086a8fdea491502e78d3cd822e256b6470204513/vrt/config.js, jest-image-snapshot, Run on Specific Platform,manully set view port; added padding,Refactor Logic Implementation,https://github.com/uber/baseweb/pull/2728,false,,,
Masonry: MasonryInfinite for infinite fetching (#307)\n\n* Masonry: MasonryInfinite for infinite fetching\r\n\r\n- Pulled fetching out from Masonry\r\n- MasornyInfinite is exported as the old Masonry\r\n and should function the same\r\n- export MasonryBeta as it can be used with custom\r\n fetching logic\r\n- This provides a graceful migration path.\r\n- Final migration will involve renaming\r\n MasonryBeta/MasonryInfinite/Masrony\r\n- Existing Masonry integration will be testing MasonryInfinite to ensure\r\n compatibility\r\n\r\n* Addressed comments\r\n\r\n* Refactored layout calculations into states\r\n\r\n* Immutable items check for isfetching\r\n\r\n* Update onmount code and tests\r\n\r\n- removed unused code\r\n- scrollFetchOnload test is updated to match\r\n existing values on master (TEST_FETCH_COUNTS === 1 when\r\n manualFetch = 1)\r\n- added timeout to fix flaky tets\r\n- added missing await\r\n\r\n* Addressed comments\r\n\r\n- renamed to onVirtualizationWindowUpdate\r\n- moved to helper function: layoutClass and statesForRendering\r\n\r\n* Changed to use onAutoMeasuring callback\r\n\r\n* Used ref callback,https://github.com/pinterest/gestalt/commit/f6c683b66b2d8b0ec87db283418459e87160a21f, time wait,Resource Rendering,https://github.com/pinterest/gestalt/blob/f6c683b66b2d8b0ec87db283418459e87160a21f/packages/gestalt/src/__integration__/loadMore.integration.js,Masonry,Unspecified,added timeout,Add/Increase Delay,https://github.com/pinterest/gestalt/pull/307,true , 8, 56,
Masonry: MasonryInfinite for infinite fetching (#307)\n\n* Masonry: MasonryInfinite for infinite fetching\r\n\r\n- Pulled fetching out from Masonry\r\n- MasornyInfinite is exported as the old Masonry\r\n and should function the same\r\n- export MasonryBeta as it can be used with custom\r\n fetching logic\r\n- This provides a graceful migration path.\r\n- Final migration will involve renaming\r\n MasonryBeta/MasonryInfinite/Masrony\r\n- Existing Masonry integration will be testing MasonryInfinite to ensure\r\n compatibility\r\n\r\n* Addressed comments\r\n\r\n* Refactored layout calculations into states\r\n\r\n* Immutable items check for isfetching\r\n\r\n* Update onmount code and tests\r\n\r\n- removed unused code\r\n- scrollFetchOnload test is updated to match\r\n existing values on master (TEST_FETCH_COUNTS === 1 when\r\n manualFetch = 1)\r\n- added timeout to fix flaky tets\r\n- added missing await\r\n\r\n* Addressed comments\r\n\r\n- renamed to onVirtualizationWindowUpdate\r\n- moved to helper function: layoutClass and statesForRendering\r\n\r\n* Changed to use onAutoMeasuring callback\r\n\r\n* Used ref callback,https://github.com/pinterest/gestalt/commit/f6c683b66b2d8b0ec87db283418459e87160a21f, time wait,Resource Rendering,https://github.com/pinterest/gestalt/blob/f6c683b66b2d8b0ec87db283418459e87160a21f/packages/gestalt/src/__integration__/nullItems.integration.js,Masonry,Unspecified,added timeout,Add/Increase Delay,https://github.com/pinterest/gestalt/pull/307,true ,6,23,
chore: use Base64 URI decoded avatar to avoid flaky UI tests if image loads slow,https://github.com/JetBrains/ring-ui/commit/f7bc28af06433ff22e898aacd2b3e8f0534defda, image load slow,Network Resource Loading,https://github.com/JetBrains/ring-ui/blob/f7bc28af06433ff22e898aacd2b3e8f0534defda/components/tag/tag.examples.js, Karma,Unspecified,change decoder to base64,Use Workaround, , false, 18, 45,
"[CORL-645] Add Slack support for v5 (#2713)\n\n* Create preliminary schema for setting Slack channels\r\n\r\nCORL-645\r\n\r\n* Implement preliminary slack notification using tenant slack channels\r\n\r\nCORL-645\r\n\r\n* Very preliminarily get data loading with FieldArray's for slack channels\r\n\r\nCORL-645\r\n\r\n* Update settings input on schema to allow saving Slack settings to tenant\r\n\r\nCORL-645\r\n\r\n* Filter off UNMODERATED queue events from slack channels\r\n\r\nWe don't send these to slack through our filters, we only care\r\nabout pending, reported, and featured\r\n\r\nCORL-645\r\n\r\n* Include a moderation link in comments pushed to Slack\r\n\r\nCORL-645\r\n\r\n* Hook up proper callback functions for adding/removing slack channels\r\n\r\nCORL-645\r\n\r\n* Add missing translation for Slack navigation item\r\n\r\nCORL-645\r\n\r\n* Update snapshots for preliminary Slack configuration changes\r\n\r\nCORL-645\r\n\r\n* Add some FormField wrappers around slack config elements\r\n\r\nMakes the UI appear a little nicer\r\n\r\nCORL-645\r\n\r\n* Set up slack config to only provide one slack channel\r\n\r\nWe need to do this until we can get ArrayField's working\r\nin final-form.\r\n\r\nCORL-645\r\n\r\n* Disable the other trigger checkboxes when ""All Comments"""" is checked\r\n\r\nCORL-645\r\n\r\n* Clean up the formatting of Slack messages\r\n\r\nCORL-645\r\n\r\n* Add error handling around sending comments to Slack\r\n\r\nCORL-645\r\n\r\n* Add links to external Slack setup documentation\r\n\r\nCORL-645\r\n\r\n* Replace form state with wrapped field element\r\n\r\nCORL-645\r\n\r\n* Clean up fetch request sending Slack notifications\r\n\r\nCORL-645\r\n\r\n* Prefer global string replacement over RegEx\r\n\r\nCORL-645\r\n\r\n* Use URL class to construct comment URL's\r\n\r\nCORL-645\r\n\r\n* Require slack configuration in schema\r\n\r\nCORL-645\r\n\r\n* Initialize Slack in fixtures\r\n\r\nAlso fix up a flaky test that wasn't waiting\r\non form submission and on-change events.\r\n\r\nCORL-645\r\n\r\n* Preliminarily fix up styles to match other config pages\r\n\r\nCORL-645\r\n\r\n* Create placeholder add/remove buttons\r\n\r\n* Convert SlackConfigContainer to FunctionalComponent\r\n\r\nCORL-645\r\n\r\n* Add name field to slack channels\r\n\r\nCORL-645\r\n\r\n* Disable inner fields on Slack channel when not enabled\r\n\r\nCORL-645\r\n\r\n* Improve the delete channel button\r\n\r\nCORL-645\r\n\r\n* Use pureMerge to extract slack channel settings\r\n\r\nCORL-645\r\n\r\n* Do a bit of cleanup on the add channel button\r\n\r\nCORL-645""",https://github.com/coralproject/talk/commit/54296fa48417d838beb4971fc4aaee161488113c, text input propery check not waiting properly,Incorrect Resource Load Order,https://github.com/coralproject/talk/blob/54296fa48417d838beb4971fc4aaee161488113c/src/core/client/admin/test/configure/general.spec.tsx, CircleCI,Unspecified,Added await statements,Fix Await Mechanism,https://github.com/coralproject/talk/pull/2713,true, 69,115
[test] Fix flaky popper.js test (#9168),https://github.com/mui-org/material-ui/commit/9d1c2f0ab014c76ddc042dea58a6a9384fc108f4, popper.js issue(get NaN for some computed styles),Incorrect Test Runner Interaction,https://github.com/the-noob/material-ui/blob/032d7ad3cde100d8d7b3223b71198e3fe6b8735f/src/Tooltip/Tooltip.spec.js,,Unspecified,Changed div element and change `getChildren()` => `getPopperChildren()`,Fix Incorrect/Change API Access,https://github.com/mui-org/material-ui/pull/9168, true, 68, 79,
test(docs-infra):'avoid'click-related'CI'flake'in'e2e'test'(#29641)\n\nOne'of'the'tests'introduced'in'#29601'is'susceptible'to'a'kind'of\nWebDriver'flake'related'to'trying'to'click'elements'hidden'behind'fixed\npositioned'elements.\nThis'commit'works'around'the'issue'by'clicking'the'elements'directly\nusing'JavaScript'(instead'of'`WebElement#click()`).\n\nPR'Close'#29641,https://github.com/angular/angular/commit/deca6a60ddddb45caae97942977591204a7e56f9, WebDriver click flaky when trying to click hidden elements,DOM Selector Issue,https://github.com/angular/angular/blob/deca6a60ddddb45caae97942977591204a7e56f9/aio/tests/e2e/app.e2e-spec.ts ,"WebDriver, CircleCI",Unspecified,Changed WebElement#click() to JavaScript click event,Refactor Logic Implementation,https://github.com/angular/angular/pull/29641,true, 143, 173,
test(animations):'make'e2e'tests'for'animations'docs'examples'less'flaky'(#26377)\n\nPR'Close'#26377,https://github.com/angular/angular/commit/31c462ae3f5b80002b6ef364706ddd73c0ed6f82, Used sleep to wait for animations to be complete,Animation Timing Issue,https://github.com/angular/angular/blob/31c462ae3f5b80002b6ef364706ddd73c0ed6f82/aio/content/examples/animations/e2e/src/app.e2e-spec.ts,"CircleCI, Jasmine",Run on Specific Platform,Changed sleep to asynchronous wait for element height to match expected height,Fix Await Mechanism,https://github.com/angular/angular/pull/26377, true, 27 , 81, 109,124, 161,168, 185,192, 208,219,
"test:'menu'tests'flaky'due'to'missing'animation'flush'(#17935)\n\nFollow-up'to:'1255139a38e5d8425bb6236c63c3d231301b21da\r\n\r\nTwo'recently'added'tests'for'the'menu/mdc-menu'and'the'MDC-one'from'the\r\ninitial'commit'seem'to'miss'a'`tick`'to'flush'the'open'animation.'Without\r\nthe'flush,'the'`FakeAsyncTestZone`'will'report'a'pending'timer'on'test'completion.",https://github.com/angular/components/commit/6ae74a0eb21268d4b107a052a8cf8ae63078bf99, Missing tick call to flush animation before checking element,Animation Timing Issue,https://github.com/angular/components/blob/6ae74a0eb21268d4b107a052a8cf8ae63078bf99/src/material-experimental/mdc-menu/menu.spec.ts,"CircleCI, Jasmine",Unspecified,Added tick statement to delay check,Fix Await Mechanism,https://github.com/angular/components/pull/17935,true, 851, 861, 863, 873,
test:'fix'flaky'slide-toggle'test'with'pending'timer'task\n\nOne'of'the'slide-toggle'tests'has'become'quite'flaky'the\nlast'days'and'after'debugging'ZoneJS'it'turns'out'that\nthis'is'related'to'the'`(focus)`'event'from'the'`FocusMonitor`\nand'we'can'safely'improve'the'stability'of'the'test'by'removing\nthe'`fakeAsync`'which'isn't'needed'anyway.\n\nFor'reference:'Other'tests'asserting'the'`click`'event'on\nthe'slide-toggle'native'element'also'have'a'`tick()`\nspecified'but'we'don't'need'to'wait'for'pending'timers\nanyway..'so'we'can'just'remove'`fakeAsync'.,https://github.com/angular/components/commit/86da318c280ec6dc10260c411352086fc87515de, Unecessary extra wait through fakeAsync function causing instability in slide-toggle test,Incorrect Test Runner Interaction,https://github.com/angular/components/blob/86da318c280ec6dc10260c411352086fc87515de/src/material/slide-toggle/slide-toggle.spec.ts, "CircleCI, Jasmine",Unspecified,Removed fakeAsync function around test,Refactor Logic Implementation,https://github.com/angular/components/pull/16102,true, 392, 433,
"build:'fix'IE'and'Edge'test'flakes'(#8909)\n\n*'Fixes'the'`OverlayKeyboardDispatcher`'tests'leaking'`.cdk-overlay-container`'instances'which'can'throw'off'any'subsequent'tests.'This'seems'to'be'what'is'causing'the'current'test'flakes'in'master'that'happen'if'the'tests'are'run'in'a'minimized'browser'window.\r\n*'Gets'rid'of'the'explicit'cleanup'of'overlay'containers'in'the'overlay'container'tests.'This'can'cause'tests'to'be'even'flakier'if'there'are'any'leaks,'in'addition'to'being'unnecessary'because'there'shouldn't'be'any'containers'to'begin'with.",https://github.com/angular/components/commit/253bff61613f39a463a83b24475af66c1de667d2, Container overlays that aren't cleaned when test is run with browser minimized,Layout Difference,https://github.com/angular/components/blob/253bff61613f39a463a83b24475af66c1de667d2/src/cdk/overlay/keyboard/overlay-keyboard-dispatcher.spec.ts, "CircleCI, Jasmine",Force Environment Conditions,Call destroy method on overlay components after each test,Refactor Logic Implementation,https://github.com/angular/components/pull/8909,true, 10, 137
chore(select):'avoid'test'flakes'due'to'sub-pixel'deviations'(#7281)\n\nFixes'some'tests'that'were'failing'when'they're'run'against'Chrome'on'Windows'due'to'sub-pixel'measurement'differences.,https://github.com/angular/components/commit/3982cc8b60facd3c1d6baf493c8de955ccd0682d, Positioning test failed on Chrome on Windows due to subpixel dfferences,Platform Issue,https://github.com/angular/components/blob/3982cc8b60facd3c1d6baf493c8de955ccd0682d/src/lib/select/select.spec.ts, "CircleCI, Jasmine",Run on Specific Platform,Add rounding to dimension comparisons in tests,Refactor Logic Implementation,https://github.com/angular/components/pull/7281,true, 1180, 1231, 1233, 1299, 1301, 1330, 1495, 1542, 1721,1752
test(e2e):'Fix'e2e'flakes'by'setting'default'window'size'(#3234)\n\n*'.\r\n\r\n*'Try'to'make'screenshot'image'size'same'as'before\r\n\r\n*'change'back'to'1024'x'768,https://github.com/angular/components/commit/194714ac83cca420878b80ba30b72643c59e4531, Browser window size caused screenshot test to fail,Layout Difference,https://github.com/angular/components/blob/194714ac83cca420878b80ba30b72643c59e4531/e2e/screenshot.ts, "CircleCI, Jasmine",Unspecified,Set default window size for e2e tests,Refactor Logic Implementation,https://github.com/angular/components/pull/3234,false, 12, 19,
Release'8.0.2'(#1890)\n\n*'chore:'bump'version\r\n\r\n*'Update'zone.js'peer'dependency\r\n\r\n*'update'zone.js'in'all'apps\r\n\r\n*'Make'repo'apps'compatible'with'`--bundle`'(#1857)\r\n\r\n*'chore:'upgrade'app'to'latest'versions'and'webpack\r\n\r\n*'chore:'fix'incorrect'temlateUrl'in'component\r\nchore:'update'karma'config'for'latest'CLI'beta'6.0.0\r\n\r\n*'chore:'make'`router-tab-view`'example'webpack'compatible\r\n\r\n*'chore:'make'`nested-router-tab-view`'example'webpack'compatible\r\n\r\n*'chore:'fix'lazy'loaded'component'not'loading\r\n\r\n*'chore:'make'`modal-navigation-ng`'example'webpack'compatible\r\n\r\n*'chore:'add'webpack'config'due'to'issue'in'CLI'that'disregards'the'`nsconfig.json`\r\n\r\n*'chore:'update'test'app'with'latest'deps'and'remove'not'used'd.ts\r\n\r\n*'chore:'update'karma'config\r\n\r\n*'chore:'resolve'issue'caused'by'overrding'`global.__extends'`\r\n\r\n*'chore:'update'Angular'deps\r\n\r\n*'chore:'update'`nativescript-dev-webpack`'to'next\r\n\r\n*'refactor:'unit-test'configs\r\n\r\n*'test:'update'webpack'config\r\n\r\n*'refactor:'remove'deprecated'API'usage'(#1874)\r\n\r\n*'tests:'mocha'reporter'and'include'ts'files'(#1875)\r\n\r\n*'Migrate'from'ReflectiveInjector'(deprecated)'to'StaticInjector'(#1868)\r\n\r\n*'chore:'migrate'to'StaticInjector\r\n\r\n*'chore:'replace'parentInjector'in'detached-loader\r\n\r\n*'feat(tabs):'register'tabs'elements'(#1883)\r\n\r\n*'feat(tabs):'register'tabs'elements\r\n\r\n*'feat(tests-app-ng):'add'tabs'component\r\n\r\n*'chore:'fix'android28'animation'tests'(#1885)\r\n\r\n*'chore:'retry'a'flaky'test'on'failure'(#1886)\r\n\r\n*'release:'cut'the'8.0.2'release,https://github.com/NativeScript/nativescript-angular/commit/1cc842049014cd2763e4bd413dff465b06166c58, navigate and back,Test Order Dependency,https://github.com/NativeScript/nativescript-angular/blob/bbb2b0f6a118b1e17717591c101760caa6cdc14d/e2e/nested-router-tab-view/e2e/tab-view.e2e-spec.ts, "travis-ci, appium",Unspecified,Added retry,Refactor Logic Implementation,https://github.com/NativeScript/nativescript-angular/pull/1886,true, 48, 58,
Tests'fixes'(#1640)\n\n*'increace'tests'timeout\r\n\r\n*'icreace'timeout\r\n\r\n*'show'crash'message\r\n\r\n*'test'fixes\r\n\r\n*'stop'app\r\n\r\n*'fix'onboarding'and'goal'tests\r\n\r\n*'fix'streamboss'and'output'settings\r\n\r\n*'clean\r\n\r\n*'disable'goal'tests\r\n\r\n*'disable'more'tests\r\n\r\n*'run'only'flaky\r\n\r\n*'disable'stream'boss'test\r\n\r\n*'add'more'logs\r\n\r\n*'disable'pause\r\n\r\n*'add'additional'logging\r\n\r\n*'add'logs\r\n\r\n*'wait'for'loader\r\n\r\n*'get'rid'of'clickWhenReady\r\n\r\n*'udpate'widget'events'listener\r\n\r\n*'return'click'to'setup'later\r\n\r\n*'change'order'of'events\r\n\r\n*'fix'listener\r\n\r\n*'optimize'form'fill\r\n\r\n*'run'all'tests\r\n\r\n*'clean'TODO\r\n\r\n*'restore'streamboss'test\r\n\r\n*'disable'websockets\r\n\r\n*'get'rid'of'logs'in'widgets,https://github.com/stream-labs/streamlabs-obs/commit/c993316b945258cce272704d925bbdeace48f62a, fill action before waiting func,Resource Rendering,https://github.com/stream-labs/streamlabs-obs/blob/c993316b945258cce272704d925bbdeace48f62a/test/widgets/goals.ts, Azure pipeline,Unspecified,put fill action as callback func,Refactor Logic Implementation,https://github.com/stream-labs/streamlabs-obs/pull/1640,true, 15, 39, 41,76,
Add'@flaky'flag'to'click-to-select'tests'[1852]\n\n-'Reason:'some'tests'ran'into'async'timeout'issues'on'CI.,https://github.com/plotly/plotly.js/commit/7da973b6c5e219fe6def91bf587c63fc1bba56ad, mock plot function,Resource Rendering,https://github.com/plotly/plotly.js/blob/7da973b6c5e219fe6def91bf587c63fc1bba56ad/test/jasmine/tests/select_test.js, "circle.ci, jasmine",Provide Example,added flaky tag,Mark Test as Flaky,https://github.com/plotly/plotly.js/issues/1852,true, 123, 666, 668, 1464, 1464
"Fixes'part'of'#6240:'Fix'Flaky'Exploration'Card'Finding'(#8659)\n\n*'Protractor:'Fix'Flaky'Exploration'Card'Finding\r\n\r\nFinding'exploration'cards'on'the'creator'dashboard'page'was'flaky\r\nbecause'sometimes'the'protractor'test'would'search'for'the'cards'before\r\nthe'cards'had'loaded.'Further,'the'logic'used'to'identify'matching'cards\r\nfailed'when'the'card'contained'text'besides'the'exploration'title.'This\r\ncommit'resolves'these'issues'by:\r\n\r\n*'Waiting'for'an'exploration'card'to'appear'before'searching'for'them\r\n*'When'filtering'cards'by'title,'consider'cards'to'match'if'their'text\r\n''equals'the'target'title'or'begins'with'the'target'title'concatenated\r\n''with'a'newline.'This'works'because'when'other'text'is'included'in'the\r\n''card,'a'newline'separates'that'text'from'the'title.\r\n\r\n*'Style'fixes\r\n\r\n*'Replace'presenceOf'with'visibilityOf\r\n\r\nWe'were'waiting'for'a'card'to'exist'in'the'DOM'(whether'or'not'it'was\r\nvisible),'but'we'really'do'want'it'to'be'visible'before'clicking'it.\r\nFurther,'by'relying'on'`visibilityOf`,'we'can'use'existing'code.'This\r\ncommit'makes'this'switch.",https://github.com/oppia/oppia/commit/83ac09d7c391bf3446b62d9a09b0c74443bd6adb, Card test flaky due to not waiting for visibility correctly,DOM Selector Issue,https://github.com/oppia/oppia/blob/83ac09d7c391bf3446b62d9a09b0c74443bd6adb/core/tests/protractor_utils/CreatorDashboardPage.js, TravisCI,Unspecified,Added code to wait for visibility instead of DOM attachment,Fix Await Mechanism,https://github.com/oppia/oppia/pull/8659,false,48,64
Fix flaky overlay tests w/ nested setTimeouts (#1943),https://github.com/palantir/blueprint/commit/a133dff3190e84db84651da84bc643d841658f50, Flaky overlay tests due to setTimeout issue executing before next frame,DOM Selector Issue,https://github.com/palantir/blueprint/blob/a133dff3190e84db84651da84bc643d841658f50/packages/core/test/overlay/overlayTests.tsx,"CircleCI, Karma",Unspecified,Add nested setTimeout to delay execution of callback,Fix Await Mechanism,https://github.com/palantir/blueprint/pull/1943, true, 163, 320,
"skip flaky tests, add comments mentioning FLUP issue (#1681)",https://github.com/palantir/blueprint/commit/c2aada111f8e82e074a5765143ece5d07da6c4cf, Overlay and toaster focus flaky due to DOM focusing,DOM Selector Issue,https://github.com/palantir/blueprint/blob/c2aada111f8e82e074a5765143ece5d07da6c4cf/packages/core/test/overlay/overlayTests.tsx, "CircleCI, Karma",Unspecified,Tests skipped,Remove Test,https://github.com/palantir/blueprint/pull/1681,true, 168, 176,
Skip flaky test (#1514),https://github.com/palantir/blueprint/commit/dd90bfa0943dd6ac2ea1d233162cc3c21aa4e701, Overlay focus flaky,DOM Selector Issue,https://github.com/palantir/blueprint/blob/dd90bfa0943dd6ac2ea1d233162cc3c21aa4e701/packages/core/test/overlay/overlayTests.tsx, "CircleCI, Karma",Unspecified,Skipped,Remove Test,https://github.com/palantir/blueprint/pull/1514, true, 160, 168,
Merge pull request #9818 from vishal423/improve-e2e-account-react\n\nreact: Fix intermittent e2e failures,https://github.com/jhipster/generator-jhipster/commit/2865e441e4b09335f88f3839ee9147f8b8b9c05e, React account e2e button tests wait for elements to be displayable instead of clickable,Resource Rendering,https://github.com/jhipster/generator-jhipster/blob/2865e441e4b09335f88f3839ee9147f8b8b9c05e/generators/client/templates/react/src/test/javascript/e2e/modules/account/account.spec.ts.ejs, Azure,Run on Specific Platform,Added function to wait until clickable,Fix Await Mechanism,https://github.com/jhipster/generator-jhipster/pull/9818, true, 165,182,
react: try to fix e2e flakiness,https://github.com/jhipster/generator-jhipster/commit/44c54f6a5ae843123e2b8b74b5be5fe0f3a199cc, e2e account test not waiting properly for browser,Incorrect Resource Load Order,https://github.com/jhipster/generator-jhipster/blob/44c54f6a5ae843123e2b8b74b5be5fe0f3a199cc/generators/client/templates/react/src/test/javascript/e2e/modules/account/account.spec.ts.ejs, Azure,Unspecified, Added browser wait until displayed,Fix Await Mechanism,https://github.com/jhipster/generator-jhipster/pull/7469, true, 68, 93,
Merge pull request #167 from mozilla-services/162-fix-intermittent-datewidget-test\n\nFix intermittent DateWidget test,https://github.com/rjsf-team/react-jsonschema-form/commit/2318786b38ead5eddc7c0e3146825f19013e0beb, Button returning now value needs to have looser check on condition for slow system,Time,https://github.com/rjsf-team/react-jsonschema-form/blob/2318786b38ead5eddc7c0e3146825f19013e0beb/test/StringField_test.js, TravisCI,Unspecified,Added approximate check of +- 5 ms,Refactor Logic Implementation,https://github.com/rjsf-team/react-jsonschema-form/pull/167, true, 461, 474,
test(angular1): Temporarily comment out flaky test,https://github.com/OnsenUI/OnsenUI/commit/e5f3e1a0e11a2f9aa97b0fca65d1a5544b6276dc, Flaky behavior with DOM selectors,DOM Selector Issue,https://github.com/OnsenUI/OnsenUI/blob/e5f3e1a0e11a2f9aa97b0fca65d1a5544b6276dc/bindings/angular1/test/e2e/dialog/scenarios.js, CircleCI,Unspecified,Commented out,Remove Test, ,false , 22, 43,
Test: Disable problematic List test (#11920)\n\n* Disable List test causing intermittent test failures.\r\n\r\n* Change files\r\n\r\n* Change change type.,https://github.com/OfficeDev/office-ui-fabric-react/commit/00b6694e2bd2f1de1713f9303fdff5dd63fcda9e, Cell calls flaky due to DOM selectors,DOM Selector Issue,https://github.com/microsoft/fluentui/blob/00b6694e2bd2f1de1713f9303fdff5dd63fcda9e/packages/office-ui-fabric-react/src/components/List/List.test.tsx, Azure ,Unspecified,Disabled test,Remove Test,https://github.com/microsoft/fluentui/pull/11920, true, 130, 137
add'treemap_coffee'to'list'of'flaky'image'tests,https://github.com/plotly/plotly.js/commit/66156054cb08b90bc50219ff9a2baeebb674c580, Flaky image loading,Network Resource Loading,https://github.com/plotly/plotly.js/blob/66156054cb08b90bc50219ff9a2baeebb674c580/test/image/compare_pixels_test.js, CircleCI,Provide Example,Added to blacklist,Blacklist Test,https://github.com/plotly/plotly.js/pull/4470,false, 103, 109,
add'two'mocks'to'list'of'flaky'test'image'mocks,https://github.com/plotly/plotly.js/commit/ef28e781b326ca785bc59a1deda9734b718116a6, Flaky image loading,Network Resource Loading,https://github.com/plotly/plotly.js/blob/ef28e781b326ca785bc59a1deda9734b718116a6/test/image/compare_pixels_test.js, CircleCI,Provide Example,Added to blacklist,Blacklist Test,https://github.com/plotly/plotly.js/pull/4419,false , 103, 107,
add'a'few'flaky'tags'in'transition_test.js,https://github.com/plotly/plotly.js/commit/aae0c60c6c720ef7de33333dfb7884087dae2edc, Transition timing flaky,Animation Timing Issue,https://github.com/plotly/plotly.js/blob/aae0c60c6c720ef7de33333dfb7884087dae2edc/test/jasmine/tests/transition_test.js, CircleCI,Provide Example,Added @flaky tag to test,Mark Test as Flaky,https://github.com/plotly/plotly.js/pull/4262, true, 642, 732, 802,851, 853, 922,
add'@flaky'to'editable:true'colorbar'tests,https://github.com/plotly/plotly.js/commit/cb5be64e4ab290ce92272783676e152722c95f56, Editable option affecting element selection,DOM Selector Issue,https://github.com/plotly/plotly.js/blob/cb5be64e4ab290ce92272783676e152722c95f56/test/jasmine/tests/colorbar_test.js, CircleCI,Unspecified,Added @flaky tag to tests,Mark Test as Flaky,https://github.com/plotly/plotly.js/pull/4322, true, 400, 418, 420, 438, 440, 460,
Merge'pull'request'#4321'from'plotly/test-image-flaky-mocks\n\nFlaky'image'tests,https://github.com/plotly/plotly.js/commit/742b83da9f851860d3f217c7fb56b763912b541b, Flaky font loading on different machines and runs,Network Resource Loading,https://github.com/plotly/plotly.js/blob/742b83da9f851860d3f217c7fb56b763912b541b/test/image/compare_pixels_test.js, CircleCI,Unspecified,Filter out font-wishlist and mapbox tests,Mark Test as Flaky,https://github.com/plotly/plotly.js/pull/4321,false,,
add'`@flaky`'to''hover'effects'for'titles'that'used'to'be'blank''test,https://github.com/plotly/plotly.js/commit/11bc6259b47eb41e9c869d25f5d36defce02bddb, Editable option affecting element selection,DOM Selector Issue,https://github.com/plotly/plotly.js/blob/11bc6259b47eb41e9c869d25f5d36defce02bddb/test/jasmine/tests/titles_test.js, CircleCI,Unspecified,Added @flaky tag to tests,Mark Test as Flaky,https://github.com/plotly/plotly.js/pull/4321, true, 1144, 1167,
add'one'more'flaky'tag'in'transition_test.js,https://github.com/plotly/plotly.js/commit/70bfd5074516ae1279968e060a36d4c08b75d931, Transition timing flaky causing timeout,Animation Timing Issue,https://github.com/plotly/plotly.js/blob/70bfd5074516ae1279968e060a36d4c08b75d931/test/jasmine/tests/transition_test.js, CircleCI,Provide Example,Added @flaky tag to tests,Mark Test as Flaky,https://github.com/plotly/plotly.js/pull/4273,true , 1192, 1234,
Fix Appium tests with iOS,https://github.com/thaliproject/postcardapp/issues/126, iOS tests broken after updating Cordova 6,Incorrect Resource Load Order, https://github.com/thaliproject/postcardapp/blob/3b68efdddbc18db18366ab43f16d5ce2d0b84b01/test/helpers/caps.js, Appium,Specify Problematic Platform,replacing 'safeEval' with 'eval' - tests with 'safeEval' commands will fail. make sure 'waitForElementByCss' after changing page with 'click()' . don't use 'waitForConditionInBrowser' to wait for browser conditions!,Fix Await Mechanism,https://github.com/thaliproject/postcardapp/commit/3b68efdddbc18db18366ab43f16d5ce2d0b84b01, false,,
Fix Appium tests with iOS,https://github.com/thaliproject/postcardapp/issues/126, iOS tests broken after updating Cordova 6,Incorrect Resource Load Order, https://github.com/thaliproject/postcardapp/blob/3b68efdddbc18db18366ab43f16d5ce2d0b84b01/test/helpers/webview.js, Appium,Specify Problematic Platform,replacing 'safeEval' with 'eval' - tests with 'safeEval' commands will fail. make sure 'waitForElementByCss' after changing page with 'click()' . don't use 'waitForConditionInBrowser' to wait for browser conditions!,Fix Await Mechanism,https://github.com/thaliproject/postcardapp/commit/3b68efdddbc18db18366ab43f16d5ce2d0b84b01, true, 47, 53, 62, 69,
Fix Appium tests with iOS,https://github.com/thaliproject/postcardapp/issues/126, iOS tests broken after updating Cordova 6,Incorrect Resource Load Order, https://github.com/thaliproject/postcardapp/blob/3b68efdddbc18db18366ab43f16d5ce2d0b84b01/test/postcardapp.js, Appium,Specify Problematic Platform,replacing 'safeEval' with 'eval' - tests with 'safeEval' commands will fail. make sure 'waitForElementByCss' after changing page with 'click()' . don't use 'waitForConditionInBrowser' to wait for browser conditions!,Fix Await Mechanism,https://github.com/thaliproject/postcardapp/commit/3b68efdddbc18db18366ab43f16d5ce2d0b84b01, true, 38, 55, 213, 221,223,228,
chore(select): fix flaky positioning test,https://github.com/angular/components/pull/12496, position within the viewport on repeat openings is flaky on ios 10,Platform Issue, https://github.com/angular/components/blob/279ce73640f757d6aad7df8baaa38aaab2aa1661/src/lib/select/select.spec.ts, Angular,Specify Problematic Platform,Fixed by modifying the comparision check from toBeGreaterThan to toBeGreaterThanOrEqual,Refactor Logic Implementation, , true, 3313, 3336,
UI: Fix a couple flaky tests,https://github.com/hashicorp/nomad/pull/4167/commits/69251628f7a3f03ce603abfea5c8f48b4804c39e, Random string with spaces causes issue,Randomness, https://github.com/hashicorp/nomad/blob/69251628f7a3f03ce603abfea5c8f48b4804c39e/ui/mirage/factories/job.js ; https://github.com/hashicorp/nomad/blob/69251628f7a3f03ce603abfea5c8f48b4804c39e/ui/mirage/factories/task-group.js,CircleCI,Unspecified,Add code to turn spaces into dashes,Use Workaround,https://github.com/hashicorp/nomad/pull/4167,,false,,,,,,,,,,,
test(react-ui-screenshot-tests): fix flaky tests,https://github.com/skbkontur/retail-ui/pull/1284/commits/a006fdf0e0e65d5fde07134c6909870666e7947f, Dropdown box goes offscreen depending oon browser's default window size,Layout Difference, https://github.com/skbkontur/retail-ui/blob/a006fdf0e0e65d5fde07134c6909870666e7947f/packages/react-ui-screenshot-tests/gemini/dropdownContainer.js,TeamCity,Unspecified,Specify default window size,Refactor Logic Implementation,https://github.com/skbkontur/retail-ui/pull/1284, true, 7 , 47
Increase tolerance for select popup test to (hopefully) get rid of flakiness,https://github.com/JetBrains/ring-ui/commit/8a35b37d6885a03fad4ec88a4595c31c5731ad58, Input component test has rendering artifact in IE,Platform Issue,https://github.com/JetBrains/ring-ui/blob/8a35b37d6885a03fad4ec88a4595c31c5731ad58/components/select/select.gemini.js, TeamCity,Unspecified,Added tolerance to test,Refactor Logic Implementation, , true, 3, 47,
Skip flaky Gemini test in IE instead of changing tolerance,https://github.com/JetBrains/ring-ui/commit/5d9f96d6ffa3a3c99722047677d5a545c02bdd80, Flaky select input test has rendering artifact due to IE rendering,Platform Issue,https://github.com/JetBrains/ring-ui/blob/5d9f96d6ffa3a3c99722047677d5a545c02bdd80/components/select/select.gemini.js, TeamCity,Run on Specific Platform,Removed test,Remove Test, ,true, 3, 44,
remove'flaky'pos'bottom'test'which'is'effect'by'unit'scroll'pos,https://github.com/twbs/bootstrap/commit/3b2418e6885d31d9cd1eab33b4cb952e876f8cf7, Flaky bottom test from scrolling,Layout Difference,https://github.com/twbs/bootstrap/blob/3b2418e6885d31d9cd1eab33b4cb952e876f8cf7/js/tests/unit/tooltip.js, Github Actions,Unspecified,Removed flaky tests,Remove Test, , true ,389,426,
remove'flaky'pos'bottom'test'which'is'effect'by'unit'scroll'pos,https://github.com/twbs/bootstrap/commit/3b2418e6885d31d9cd1eab33b4cb952e876f8cf7, Flaky bottom test from scrolling,Layout Difference,https://github.com/twbs/bootstrap/blob/3b2418e6885d31d9cd1eab33b4cb952e876f8cf7/dist/js/bootstrap.js, Github Actions,Unspecified,Removed flaky tests,Remove Test, , false ,
Masonry: add missing defaultProps and handleResize (#313)\n\nalso added missing await waitFor to fix flaky test,https://github.com/pinterest/gestalt/commit/865e67fe30debbcb846c704b2bc3b1b57a2edde0, Component not rendered fully before interacting,Resource Rendering,https://github.com/pinterest/gestalt/blob/865e67fe30debbcb846c704b2bc3b1b57a2edde0/packages/gestalt/src/__integration__/virtualizationWithScrollContainer.integration.js, React Testing Library,Unspecified,Added delay,Add/Increase Delay,https://github.com/pinterest/gestalt/pull/313, true, 32, 58,
Fixed flakey integration test (#410)\n\n* Fixed flakey integration test\r\n\r\n* Updated change log,https://github.com/pinterest/gestalt/commit/0463b6da50f43c8bc53738ca522d5c5ba619ef35, Integration test fails due to components not ready,Resource Rendering,https://github.com/pinterest/gestalt/blob/0463b6da50f43c8bc53738ca522d5c5ba619ef35/packages/gestalt/src/__integration__/optimizedRemount.integration.js, React Testing Library,Unspecified,Added delay,Add/Increase Delay,https://github.com/pinterest/gestalt/pull/410,true, 3, 65,
feat(timezone-picker): Timezone Picker (#1156)\n\n* feat(timezone-picker): adds timezone-support pkg\r\n\r\n* feat(timezone-picker): adds component\r\n\r\n* feat(timezone-picker): adds type descriptions\r\n\r\n* feat(timezone-picker): clarify in-line comments\r\n\r\n* fix(timezone-picker): clean up scenario file\r\n\r\n* feat(timezone-picker): add example to docs site\r\n\r\n* feat(timezone-picker): adds tests\r\n\r\n* feat(timezone-picker): adds optional label transformation\r\n\r\n* Update src/datepicker/types.js\r\n\r\n* feat(timezone-picker): updates options if date changes\r\n\r\n* fix(timezone-picker): adds delay to e2e test\r\n\r\n* fix(timezone-picker): removes flakey e2e test\r\n\r\n* fix(timepicker): removes flakey test,https://github.com/uber/baseweb/commit/ed160d775eec8d15f14e025d53248bb1876d268f, Timepicker timeout in e2e tests,Resource Rendering,https://github.com/uber/baseweb/blob/ed160d775eec8d15f14e025d53248bb1876d268f/src/datepicker/__tests__/timezone-picker.e2e.js,"BuildKite, Jest",Unspecified,Added delay,Add/Increase Delay,https://github.com/uber/baseweb/pull/1156,true , 24, 63,
fix(e2e): moves flakey test to end of suite (#1876)\n\n* fix(e2e): moves flakey test to end of suite\r\n\r\n* fix(e2e): adds comment\r\n\r\n* fix(e2e): removes flakey datepicker e2e test,https://github.com/uber/baseweb/commit/32942dec7bcd8d71ee4cce9f957ec31404d97192, Flaky datepicker rendering,Resource Rendering,https://github.com/uber/baseweb/blob/32942dec7bcd8d71ee4cce9f957ec31404d97192/src/datepicker/__tests__/datepicker.e2e.js,"BuildKite, Jest",Unspecified,Removed test,Remove Test,https://github.com/uber/baseweb/pull/1876,true , 102, 105 (deleted test)
test(vrt): fix flakey vrt tests (#2311),https://github.com/uber/baseweb/commit/766ced1cfbf5a7c7ad8ec7b559064cb18ef03890, Layout changes during resource load,Layout Difference,https://github.com/uber/baseweb/blob/766ced1cfbf5a7c7ad8ec7b559064cb18ef03890/vrt/tests.vrt.js,"BuildKite, Jest",Unspecified,Fixed window dimensions for screenshots,Refactor Logic Implementation,https://github.com/uber/baseweb/pull/2311, true, 33, 83, 85, 106,
feat(data-table): enables column resizing (#2486)\n\n* feat(data-table): resize column POC\r\n\r\n* feat(data-table): draw full-height ruler\r\n\r\n* feat(data-table): improves ruler performance\r\n\r\n* feat(data-table): model resize as deltas\r\n\r\n* feat(data-table): clamps to min/max widths\r\n\r\n* fix(data-table): lint\r\n\r\n* fix(data-table): add wait to flakey test\r\n\r\nCo-authored-by: Gergely Nemeth <gergelyke@users.noreply.github.com>,https://github.com/uber/baseweb/commit/447bd7a279c0137daeab5a0147fdf9fceb1d59f7, No wait before performing check on ui change,Resource Rendering,https://github.com/uber/baseweb/blob/447bd7a279c0137daeab5a0147fdf9fceb1d59f7/src/data-table/__tests__/data-table-columns.e2e.js,"BuildKite, Jest",Unspecified,Added delay between actions,Add/Increase Delay,https://github.com/uber/baseweb/pull/2486, true, 113, 145,
fix(test): retry flakey e2e tests (#2959)\n\n* chore(build): move flakey range test to unreliable\r\n\r\n* chore(build): retry flakey data-table e2e test\r\n\r\n* fix(test): lint,https://github.com/uber/baseweb/commit/f6c6d3c52f13bca7475ee6b773c6a5519013705f, Test timeout in e2e run,Resource Rendering,https://github.com/uber/baseweb/blob/f6c6d3c52f13bca7475ee6b773c6a5519013705f/src/datepicker/__tests__/datepicker-unreliable.e2e.js,"BuildKite, Jest",Unspecified,Moved to separate unreliable test file,Mark Test as Flaky,https://github.com/uber/baseweb/pull/2959, true, 158 , 185,
Fix flaky failing test (#1050),https://github.com/Hacker0x01/react-datepicker/commit/db64f070d72ff0705239f613bd5bba9602d3742f,Incorrect option causes date picker to display arrows twice when first two days of the month,Platform Issue,https://github.com/Hacker0x01/react-datepicker/blob/db64f070d72ff0705239f613bd5bba9602d3742f/test/datepicker_test.js, TravisCI,Force Environment Conditions,Changed value used in test for option,Use Workaround,https://github.com/Hacker0x01/react-datepicker/pull/1050,true, 153, 167, 339, 448 (n-tests),
"Remove second autoFocus example (#1390)\n\n* Remove second autoFocus example\r\n\r\nhero_example already has autoFocus, and having two inputs\r\nfocused by default dosn't make sense.\r\n\r\nFixes #1212 #1334\r\n\r\n* Fix flaky test again",https://github.com/Hacker0x01/react-datepicker/commit/67f05e99786815cb1c5ca77530169067177d384b, Incorrect option causes date picker to display a date twice when testing on last week of the month,Platform Issue,https://github.com/Hacker0x01/react-datepicker/blob/67f05e99786815cb1c5ca77530169067177d384b/test/datepicker_test.js, TravisCI,Provide Example,Added conditional check on option,Refactor Logic Implementation,https://github.com/Hacker0x01/react-datepicker/issues/1212,true, 241, 266,
Make messages test less flaky,https://github.com/gotify/server/commit/865aaa3f8588841b6ab80edaf4f67ad5a42f8e3e, Test not properly waiting for element,Resource Rendering,https://github.com/gotify/server/blob/865aaa3f8588841b6ab80edaf4f67ad5a42f8e3e/ui/src/tests/message.test.ts, TravisCI,Unspecified,Refactored wait function to add expected count ,Fix Await Mechanism,https://github.com/gotify/server/pull/60,true, 125, 140, 142,145,146,149,150,154, 261,268,
Fix flaky test,https://github.com/gotify/server/commit/3069867fcc1a545db59829ed827e576f32ebb893, Test not properly waiting for element,Resource Rendering,https://github.com/gotify/server/blob/3069867fcc1a545db59829ed827e576f32ebb893/ui/src/tests/plugin.test.ts, TravisCI,Unspecified,Refactored wait function,Fix Await Mechanism,https://github.com/gotify/server/pull/222, true, 96, 103,
Attempting to squash intermittent phantomjs testing error.,https://github.com/HospitalRun/hospitalrun-frontend/commit/6754d71e79f4e5433bc0489e45ad18fefb1b7e30, not waiting for element appear,Resource Rendering,https://github.com/HospitalRun/hospitalrun-frontend/blob/6754d71e79f4e5433bc0489e45ad18fefb1b7e30/tests/acceptance/imaging-test.js, travis,Unspecified,added wait function,Fix Await Mechanism, ,true, 36, 67,
"feat: Headless Testing API (#534)\n\n* Remove forgotten Lerna option\r\n\r\n* Create react-cosmos-mount with basic functionality\r\n\r\n* Add ref hook to createContext options\r\n\r\n* Move createContext API to react-cosmos-loader\r\n\r\n* Update createContext API in Playground tests\r\n\r\n* Use latest packages for async scheduling\r\n\r\n* Add getter and setter to create-context\r\n\r\n* Only wait after component ref when mounting class components\r\n\r\n* Move isComponentClass to own file\r\n\r\n* Refactor createContext\r\n\r\n* Adapt react-cosmos-telescope to createContext\r\n\r\n* Extract Loader types\r\n\r\n* Add type for fixtureSelect message\r\n\r\n* Add connectLoader with partial functionality\r\n\r\n* Remove RefCallbackProxy leftover\r\n\r\n* Refactor createContext\r\n\r\n* Add fixtureUpdate event to connectLoader\r\n\r\n* Enhance connectLoader tests to reflect filtering of serializable fixture part\r\n\r\n* Add fixtureEdit event to connectLoader\r\n\r\n* Remove updated method of createContext\r\n\r\n* Add fixtureListUpdate event to connectLoader\r\n\r\n* Update type name\r\n\r\n* Handle selecting of missing fixture\r\n\r\n* Clear instance between context mounts by default\r\n\r\n* Add more clarity to connectLoader\r\n\r\n* Centralize shared Jest helpers\r\n\r\n* Restrict context to one mounted instance per page\r\n\r\n* Add some docs to connectLoader\r\n\r\n* Refactored Loader.mount to use connectLoader\r\n\r\n* Use loaderOpts consistently\r\n\r\n* Remove deprecated RemoteLoader\r\n\r\n* Fix ""SF"""" font on Firefox/Safari\r\n\r\n* Remove unneeded default\r\n\r\n* Update docs\r\n\r\n* Send ref instead of getter to fixture.init\r\n\r\n* Add minimal doc for Loader package\r\n\r\n* Export ContextArgs type\r\n\r\n* Add react-cosmos-enzyme package\r\n\r\n* Fix type\r\n\r\n* Test react-cosmos-voyager\r\n\r\n* Make test more predictible\r\n\r\n* Re: Make tests more predictible\r\n\r\n* Add friendly error messages for unmounted context\r\n\r\n* Install traverse only where it's used\r\n\r\n* Add optional rendererOptions to createContext\r\n\r\n* Mock prop callbacks automatically in Jest env\r\n\r\n* Update all Component tests to createContext\r\n\r\n* Extract generic test API\r\n\r\n* Increase wait timout to prevent flaky tests\r\n\r\n* Upgrade async-until dep\r\n\r\n* Reset fixture state when context remounts\r\n\r\n* v3.1.0-0\r\n\r\n* Include entry files in react-cosmos-test package\r\n\r\n* v3.1.0-1\r\n\r\n* Increase async timeout in tests to avoid flaky tests on Travis\r\n\r\n* Use other than default port for Playground Cosmos instance\r\n\r\n* Ignore test files from webpack context\r\n\r\n* v3.1.0-2\r\n\r\n* Add docs on test API\r\n\r\n* Tweak test-api docs\r\n\r\n* Add context.getField as alias to context.get\r\n\r\n* v3.1.0-3""",https://github.com/react-cosmos/react-cosmos/commit/0c6a26550961e36c1a7535f3dd9c151ebdd459e7, no time out setting,Incorrect Resource Load Order,https://github.com/react-cosmos/react-cosmos/blob/3883953338460e95886bbf14392f2259c1da8942/packages/react-cosmos-shared/src/jest/index.js; https://github.com/react-cosmos/react-cosmos/blob/317b5cdeb408f7498897b4fb0fa6bc3a3842e4e8/packages/react-cosmos-loader/src/__tests__/connect-loader/_shared.js,"jestmock, travis",Unspecified,added timeout,Add/Increase Delay,https://github.com/react-cosmos/react-cosmos/pull/534,false , ,
feat: Respond to fixture changes (#549)\n\n* Respond to fixture source changes\r\n\r\n* Keep context bound to latest input\r\n\r\n* Fix arg naming in generic test renderer\r\n\r\n* Remove unnecessary fixture prop mocking\r\n\r\n* Preserve fixture updates until fixture is reset\r\n\r\n* Make Cypress tests less flaky\r\n\r\n* Remove unused const\r\n\r\n* v3.2.0-0\r\n\r\n* No longer expect fixture prop to update in proxies\r\n\r\n* Preserve fixture edit on fixture HMR\r\n\r\n* v3.2.0-1\r\n\r\n* Clarify language regarding to fixture source change\r\n\r\n* Simplify test language\r\n\r\n* Always re-create context to ensure latest proxies and components are used\r\n\r\n* v3.2.0-2\r\n\r\n* Prevent from loading a missing fixture\r\n\r\n* v3.2.0-3,https://github.com/react-cosmos/react-cosmos/commit/dae289fb72796b9c1d95d423a66c296d7402812d, should check was not as a Promise,Incorrect Resource Load Order,https://github.com/react-cosmos/react-cosmos/blob/d01e0bd78a6b1fdadfc611a4eadaf29c119cfa9a/cypress/integration/example-local-state.js ,cypress,Provide Example,changed the should check as a resolve ,Fix Await Mechanism,https://github.com/react-cosmos/react-cosmos/pull/549, true, 131, 139,
Flow tweaks (#752)\n\n* increase setTimeout for intermittent test failre\r\n\r\n* fix some flow types from usage\r\n\r\n* update changelog and version\r\n\r\n* better tupe respone\r\n\r\n* ignore apollo client flow tests,https://github.com/apollographql/react-apollo/commit/2baa0564d82ff29aafd4f8bdbec06143acbfd939, Flaky resource loading,Network Resource Loading,https://github.com/apollographql/react-apollo/blob/0ea299625a1e3ae1e61cdd31abe1a172159a331e/test/react-web/client/graphql/mutations/queries.test.tsx, CircleCI,Unspecified,Disabled,Remove Test, true, 288, 464,
Increase timeout for flaky Mutation test.,https://github.com/apollographql/react-apollo/commit/b81e58427b1888b6ec4286cbd910d0a529095126, timeout not enough,Resource Rendering,https://github.com/apollographql/react-apollo/blob/b81e58427b1888b6ec4286cbd910d0a529095126/test/client/Mutation.test.tsx, circleci,Unspecified,changed 200 timeout to 500,Add/Increase Delay, ,true, 1480, 1525,
fix: Unknown Slack users should be able to search team accessible docs (#1049)\n\n* fix: Unknown Slack users should be able to search team accessible docs\r\n\r\n* test: fix flaky test\r\n\r\n* test: remove obsolete snapshot\r\n\r\n* lint\r\n\r\n* flow\r\n\r\n* fix: Spelling mistake, https://github.com/outline/outline/commit/b1a1d24f9c2611d4ae8631321a6ba37e754f30b0, Comparison of element contents too strict,Unordered Collections,https://github.com/outline/outline/blob/b1a1d24f9c2611d4ae8631321a6ba37e754f30b0/server/api/users.test.js ,CircleCI,Unspecified,Changed one comparison on parent elemtn to multiple comparisons on children elements,Refactor Logic Implementation,https://github.com/outline/outline/pull/1049, true, 14, 26, 28, 41,
Test: Try to fix flaky test\n\n#895,https://github.com/styleguidist/react-styleguidist/commit/6c37120804561860dcf44e5d8f471fffe0b78843, Hit bug in Cypress API,Platform Issue,https://github.com/styleguidist/react-styleguidist/blob/6c37120804561860dcf44e5d8f471fffe0b78843/test/cypress/integration/component_spec.js, Cypress,Unspecified,Updated Cypress version,Update/Revert Library Version,https://github.com/styleguidist/react-styleguidist/issues/895, true, 79, 100,
fix(tests): fix flaky dashboards e2e test,https://github.com/influxdata/influxdb/commit/0bd62f468fb2d4edc393a51087f60103c188729b, Selecting element on page flaky,DOM Selector Issue,https://github.com/influxdata/influxdb/blob/0bd62f468fb2d4edc393a51087f60103c188729b/ui/cypress/e2e/dashboardsIndex.test.ts, Cypress,Unspecified,Add check to code ensuring element is selected before attempting to interact,Refactor Logic Implementation,https://github.com/influxdata/influxdb/pull/13378, true, 54, 73,
throttle'image'export'tests\n\n-'in'an'effort'to'make'`npm'run'test-export`'not'fail'intermittently\n''on'the'(weaker-hardware)'CI'machines.,https://github.com/plotly/plotly.js/commit/667913c0796c08d03593469403a210588ba627a1, CI cannot hold this many tests,Platform Issue,https://github.com/plotly/plotly.js/blob/667913c0796c08d03593469403a210588ba627a1/test/image/export_test.js ,CircleCI,Unspecified,Batched,Refactor Logic Implementation,https://github.com/plotly/plotly.js/pull/1490, true, 76, 84,
make'gl2d'drag'test'use'assets/drag\n\n...'which'should'make'things'more'robust'and'lead'to'less\n''''intermittent'ci'failures,https://github.com/plotly/plotly.js/commit/44b0ae6f9e4c1c4ea79ffb67d303647ca630c78c, Flaky transitions in grid,Animation Timing Issue, https://github.com/plotly/plotly.js/blob/44b0ae6f9e4c1c4ea79ffb67d303647ca630c78c/test/jasmine/tests/gl_plot_interact_test.js , CircleCI,Unspecified,used asserts/drag && added then callback,Refactor Logic Implementation,https://github.com/plotly/plotly.js/pull/2258, true , 1465, 1563, 1619, 1670, 1672, 1737, 1752, 1793,
one'more'flaky'test'suite,https://github.com/plotly/plotly.js/commit/a2fc07a187c4d26bf2f1bcb3e2aa806b75ad24fc, Flaky transitions in grid,Animation Timing Issue,https://github.com/plotly/plotly.js/blob/a2fc07a187c4d26bf2f1bcb3e2aa806b75ad24fc/test/jasmine/tests/select_test.js, CircleCI,Provide Example,Added @flaky tag to test,Mark Test as Flaky,https://github.com/plotly/plotly.js/issues/2336, true, 557, 1344,
try'marking'the'test'that's'failing'on'CI'only'as'flaky\nstill'don't'know'why'it's'failing...'but'it'seems'to'work'when'run'in'a'smaller'batch,https://github.com/plotly/plotly.js/commit/446f9f95d7539c5dc603b362e900688634eb8b0a, seems to be batch issue,Platform Issue,https://github.com/plotly/plotly.js/blob/446f9f95d7539c5dc603b362e900688634eb8b0a/test/jasmine/tests/parcoords_test.js, CircleCI,Unspecified,Added @flaky tag to test,Mark Test as Flaky,https://github.com/plotly/plotly.js/pull/2399, true, 499, 531,
add'`flaky`'tag'to'scattergl'visible'toggle'test,https://github.com/plotly/plotly.js/commit/011443eb73ea89aef14e798570c4ad200ae25b5b, visible toggle flaky,Resource Rendering,https://github.com/plotly/plotly.js/blob/011443eb73ea89aef14e798570c4ad200ae25b5b/test/jasmine/tests/gl2d_plot_interact_test.js, CircleCI,Unspecified,Added @flaky tag to test,Mark Test as Flaky,https://github.com/plotly/plotly.js/pull/2429, true, 351, 380,
@flaky'on'ordinal'constraint'snap'test,https://github.com/plotly/plotly.js/commit/fff668ace691575ecbd509f942ccd88d2b30bd1d, SVG slowing down rendering,Resource Rendering,https://github.com/plotly/plotly.js/blob/fff668ace691575ecbd509f942ccd88d2b30bd1d/test/jasmine/tests/parcoords_test.js, CircleCI,Unspecified,Added @flaky tag to test,Mark Test as Flaky,https://github.com/plotly/plotly.js/pull/2415, true, 1147, 1207,
Mark'flaky'tests,https://github.com/plotly/plotly.js/commit/4e6935aede26f25466c1817ef6addb3c259ab35c, Flaky grid rendering,Resource Rendering,https://github.com/plotly/plotly.js/blob/4e6935aede26f25466c1817ef6addb3c259ab35c/test/jasmine/tests/gl2d_plot_interact_test.js, CircleCI,Unspecified,Added @flaky tag to test,Mark Test as Flaky,https://github.com/plotly/plotly.js/commit/4e6935aede26f25466c1817ef6addb3c259ab35c,true , 574, 639, 641, 652, 697, 749, 859, 874
"Add'baselines,'mark'flaky'test",https://github.com/plotly/plotly.js/commit/37e054864cfec82316bdadab1b197b53164ae007, hover and click interactions flaky,DOM Selector Issue,https://github.com/plotly/plotly.js/blob/37e054864cfec82316bdadab1b197b53164ae007/test/jasmine/tests/gl2d_click_test.js, CircleCI,Unspecified,Added @flaky tag to test,Mark Test as Flaky,https://github.com/plotly/plotly.js/pull/2499, true, 67, 533,
mark'polar'drag'test'flaky,https://github.com/plotly/plotly.js/commit/13204a9be522b20ec030b25f1a35d0e763281776, events number triggered flaky,DOM Selector Issue,https://github.com/plotly/plotly.js/blob/13204a9be522b20ec030b25f1a35d0e763281776/test/jasmine/tests/polar_test.js, CircleCI,Provide Example,Added @flaky tag to test,Mark Test as Flaky,https://github.com/plotly/plotly.js/issues/2510, true, 801, 890,
tag'new'select'test'as'@flaky,https://github.com/plotly/plotly.js/commit/d9d626ae53109144dd2a9eeea9c7daf5f1e45a37, Test timeout in CI,Resource Rendering,https://github.com/plotly/plotly.js/blob/d9d626ae53109144dd2a9eeea9c7daf5f1e45a37/test/jasmine/tests/select_test.js, CircleCI,Provide Example,Add @flaky tag,Mark Test as Flaky,https://github.com/plotly/plotly.js/pull/3021, true, 1299, 1334,
add'flaky'to''responsive'after'update''test,https://github.com/plotly/plotly.js/commit/8f627dcacc40a031a7da1516c4e438dc5f795618, Test timeout in CI,Resource Rendering,https://github.com/plotly/plotly.js/blob/8f627dcacc40a031a7da1516c4e438dc5f795618/test/jasmine/tests/config_test.js, CircleCI,Provide Example,Add @flaky tag,Mark Test as Flaky,https://github.com/plotly/plotly.js/issues/3197, true , 618, 624
add'a'flaky'flag'for'one'test,https://github.com/plotly/plotly.js/commit/4eb5dafc041e51aa251e99da9abae41884e31f05, Tests times out,Resource Rendering,https://github.com/plotly/plotly.js/blob/4eb5dafc041e51aa251e99da9abae41884e31f05/test/jasmine/tests/shapes_test.js, CircleCI,Provide Example,Add @flaky tag,Mark Test as Flaky,https://github.com/plotly/plotly.js/pull/3531, true, 1040, 1061
reduced'retries'to'2'and'3'-'marked'one'test'as'flaky,https://github.com/plotly/plotly.js/commit/8241bc8b22164683f2d265aa49d732c615498542, Test timeout in CI,Resource Rendering,https://github.com/plotly/plotly.js/blob/8241bc8b22164683f2d265aa49d732c615498542/test/jasmine/tests/sankey_test.js, CircleCI,Rerun Multiple Times,Add @flaky tag,Mark Test as Flaky,https://github.com/plotly/plotly.js/pull/3667, true, 1131, 1177
should'reset'one'sankey'test'-'no'need'to'flaky'flag'as'it'fails'locally'and'on'the'CI\nset'timeout'for'the'rest'of'the'tests'in'one'suite\nadded'one'noCI'flag'to'the'sankey'test'which'is'failing'on'the'CI'and'even'locally'with'flaky'flag\nset'flaky'retry'to'5'now'that'it'runs'fast,https://github.com/plotly/plotly.js/commit/17b506815dc44ba90b1daf2d0891b822bebb2ab0, Tests timeout in CI,Network Resource Loading,https://github.com/plotly/plotly.js/blob/17b506815dc44ba90b1daf2d0891b822bebb2ab0/test/jasmine/tests/gl2d_plot_interact_test.js, CircleCI,Rerun Multiple Times,Increase timeout and flaky retry count,Add/Increase Delay,https://github.com/plotly/plotly.js/pull/3667, true, 25, 95,
split'`namelength`'test'to'reduce'flakiness,https://github.com/plotly/plotly.js/commit/b2975c90d9e9e388d49c37fbc5e7c255b9cfd6d8, Hover label test failed when text size was 0,Resource Rendering,https://github.com/plotly/plotly.js/blob/b2975c90d9e9e388d49c37fbc5e7c255b9cfd6d8/test/jasmine/tests/gl3d_plot_interact_test.js, CircleCI,Provide Example,Split into separate test and add code for fallback fixed length,Refactor Logic Implementation,https://github.com/plotly/plotly.js/pull/3734, true, 204, 231, 233, 255,
"test:'tag'@flaky'test,':hocho:'useless'lines",https://github.com/plotly/plotly.js/commit/5160948d6813b5de162fb6a68af44bd7be1bec9b, Sorting z-axis in plot intermittently fails based on test data,Resource Rendering,https://github.com/plotly/plotly.js/blob/5160948d6813b5de162fb6a68af44bd7be1bec9b/test/jasmine/tests/histogram2d_test.js, CircleCI,Provide Example,Added @flaky tag to test,Mark Test as Flaky,https://github.com/plotly/plotly.js/pull/3827, true, 175, 203,